{"file":"res.png","frames":{"background":{"x":318,"y":323,"w":100,"h":100}, "backtile":{"x":216,"y":216,"w":105,"h":105}, "continueButton_over":{"x":308,"y":425,"w":100,"h":48}, "continueButton_up":{"x":206,"y":430,"w":100,"h":48}, "frontground":{"x":216,"y":323,"w":100,"h":100}, "menu":{"x":2,"y":2,"w":502,"h":105}, "number1024":{"x":308,"y":109,"w":105,"h":105}, "number128":{"x":109,"y":323,"w":105,"h":105}, "number16":{"x":109,"y":109,"w":105,"h":105}, "number2":{"x":109,"y":216,"w":105,"h":105}, "number2048":{"x":2,"y":323,"w":105,"h":105}, "number256":{"x":2,"y":109,"w":105,"h":105}, "number32":{"x":2,"y":216,"w":105,"h":105}, "number4":{"x":827,"y":109,"w":105,"h":105}, "number4096":{"x":720,"y":109,"w":105,"h":105}, "number512":{"x":613,"y":44,"w":105,"h":105}, "number64":{"x":506,"y":44,"w":105,"h":105}, "number8":{"x":852,"y":2,"w":105,"h":105}, "number8192":{"x":745,"y":2,"w":105,"h":105}, "resetButton_over":{"x":104,"y":430,"w":100,"h":48}, "resetButton_up":{"x":2,"y":430,"w":100,"h":48}, "result_failed":{"x":506,"y":2,"w":237,"h":40}}}